FOOO|2017-01-18|59.69|47.0|12.69|0.27|9000
PVTL|2017-01-18|99.76|86.0|13.76|0.16|109000
HELO|2017-01-18|156.94|118.0|38.94|0.33|12150
WRLD|2017-01-18|43.2|48.0|-4.8|-0.1|7500
SPQR|2017-01-18|72.45|63.0|9.45|0.15|356000
RNDM|2017-01-18|28.5|30.0|-1.5|-0.05|144000
THRC|2017-01-18|202.4|176.0|26.4|0.15|112000
FOOO|2017-01-19|59.69|59.69|0.0|0E+1|9180
PVTL|2017-01-19|101.76|99.76|2.0|0.02|135160
HELO|2017-01-19|153.8|156.94|-3.14|-0.02|14458
WRLD|2017-01-19|42.34|43.2|-0.86|-0.02|7875
SPQR|2017-01-19|70.28|72.45|-2.17|-0.03|281240
RNDM|2017-01-19|32.77|28.5|4.27|0.15|159840
THRC|2017-01-19|248.95|202.4|46.55|0.23|133280
FOOO|2017-01-20|60.29|59.69|0.6|0.01|10832
PVTL|2017-01-20|97.69|101.76|-4.07|-0.04|131105
HELO|2017-01-20|203.02|153.8|49.22|0.32|12144
WRLD|2017-01-20|43.61|42.34|1.27|0.03|9607
SPQR|2017-01-20|81.52|70.28|11.24|0.16|269990
RNDM|2017-01-20|32.77|32.77|0.0|0E+1|140659
THRC|2017-01-20|238.99|248.95|-9.96|-0.04|158603
FOOO|2017-01-21|69.94|60.29|9.65|0.16|11590
PVTL|2017-01-21|95.74|97.69|-1.95|-0.02|112750
HELO|2017-01-21|211.14|203.02|8.12|0.04|13601
WRLD|2017-01-21|42.3|43.61|-1.31|-0.03|11144
SPQR|2017-01-21|88.04|81.52|6.52|0.08|286189
RNDM|2017-01-21|27.2|32.77|-5.57|-0.17|139252
THRC|2017-01-21|236.6|238.99|-2.39|-0.01|166533
FOOO|2017-01-22|62.25|69.94|-7.69|-0.11|12633
PVTL|2017-01-22|99.57|95.74|3.83|0.04|133045
HELO|2017-01-22|211.14|211.14|0.0|0E+1|16321
WRLD|2017-01-22|40.19|42.3|-2.11|-0.05|13707
SPQR|2017-01-22|98.6|88.04|10.56|0.12|266155
RNDM|2017-01-22|26.66|27.2|-0.54|-0.02|171279
THRC|2017-01-22|231.87|236.6|-4.73|-0.02|178190
FOOO|2017-01-23|53.53|62.25|-8.72|-0.14|14148
PVTL|2017-01-23|69.7|99.57|-29.87|-0.3|158323
HELO|2017-01-23|204.81|211.14|-6.33|-0.03|15504
WRLD|2017-01-23|31.35|40.19|-8.84|-0.22|14392
SPQR|2017-01-23|98.6|98.6|0.0|0E+1|268816
RNDM|2017-01-23|30.39|26.66|3.73|0.14|184981
THRC|2017-01-23|262.01|231.87|30.14|0.13|204918
FOOO|2017-01-24|61.56|53.53|8.03|0.15|13440
PVTL|2017-01-24|73.88|69.7|4.18|0.06|155156
HELO|2017-01-24|217.1|204.81|12.29|0.06|12403
WRLD|2017-01-24|35.43|31.35|4.08|0.13|15831
SPQR|2017-01-24|96.63|98.6|-1.97|-0.02|314514
RNDM|2017-01-24|37.68|30.39|7.29|0.24|207178
THRC|2017-01-24|264.63|262.01|2.62|0.01|159836
FOOO|2017-01-25|62.79|61.56|1.23|0.02|10348
PVTL|2017-01-25|78.31|73.88|4.43|0.06|178429
HELO|2017-01-25|225.78|217.1|8.68|0.04|15007
WRLD|2017-01-25|38.62|35.43|3.19|0.09|15039
SPQR|2017-01-25|91.8|96.63|-4.83|-0.05|242175
RNDM|2017-01-25|39.19|37.68|1.51|0.04|254828
THRC|2017-01-25|238.17|264.63|-26.46|-0.1|158237
FOOO|2017-01-26|67.81|62.79|5.02|0.08|9520
PVTL|2017-01-26|98.67|78.31|20.36|0.26|164154
HELO|2017-01-26|234.81|225.78|9.03|0.04|15457
WRLD|2017-01-26|38.23|38.62|-0.39|-0.01|14136
SPQR|2017-01-26|100.06|91.8|8.26|0.09|201005
RNDM|2017-01-26|43.11|39.19|3.92|0.1|247183
THRC|2017-01-26|200.06|238.17|-38.11|-0.16|123424
FOOO|2017-01-27|67.13|67.81|-0.68|-0.01|11424
PVTL|2017-01-27|126.3|98.67|27.63|0.28|124757
HELO|2017-01-27|246.55|234.81|11.74|0.05|18857
WRLD|2017-01-27|34.02|38.23|-4.21|-0.11|17104
SPQR|2017-01-27|104.06|100.06|4.0|0.04|231155
RNDM|2017-01-27|41.39|43.11|-1.72|-0.04|192802
THRC|2017-01-27|244.07|200.06|44.01|0.22|106144
FOOO|2017-01-28|61.09|67.13|-6.04|-0.09|11309
PVTL|2017-01-28|128.83|126.3|2.53|0.02|132242
HELO|2017-01-28|271.21|246.55|24.66|0.1|15085
WRLD|2017-01-28|34.02|34.02|0.0|0E+1|19840
SPQR|2017-01-28|105.1|104.06|1.04|0.01|212662
RNDM|2017-01-28|45.12|41.39|3.73|0.09|210154
THRC|2017-01-28|278.24|244.07|34.17|0.14|84915
FOOO|2017-01-29|51.93|61.09|-9.16|-0.15|10630
PVTL|2017-01-29|130.12|128.83|1.29|0.01|134886
HELO|2017-01-29|265.79|271.21|-5.42|-0.02|11766
WRLD|2017-01-29|39.8|34.02|5.78|0.17|20435
SPQR|2017-01-29|89.34|105.1|-15.76|-0.15|191395
RNDM|2017-01-29|60.46|45.12|15.34|0.34|159717
THRC|2017-01-29|286.59|278.24|8.35|0.03|103596
FOOO|2017-01-30|51.93|51.93|0.0|0E+1|9248
PVTL|2017-01-30|136.63|130.12|6.51|0.05|137583
HELO|2017-01-30|265.79|265.79|0.0|0E+1|13060
WRLD|2017-01-30|41.39|39.8|1.59|0.04|19208
SPQR|2017-01-30|65.22|89.34|-24.12|-0.27|223932
RNDM|2017-01-30|58.65|60.46|-1.81|-0.03|182077
THRC|2017-01-30|280.86|286.59|-5.73|-0.02|124315
FOOO|2017-01-31|43.1|51.93|-8.83|-0.17|9155
PVTL|2017-01-31|129.8|136.63|-6.83|-0.05|127952
HELO|2017-01-31|231.24|265.79|-34.55|-0.13|12798
WRLD|2017-01-31|29.8|41.39|-11.59|-0.28|23433
SPQR|2017-01-31|55.44|65.22|-9.78|-0.15|192581
RNDM|2017-01-31|58.06|58.65|-0.59|-0.01|156586
THRC|2017-01-31|275.24|280.86|-5.62|-0.02|126801
FOOO|2017-02-01|49.57|43.1|6.47|0.15|10162
PVTL|2017-02-01|122.01|129.8|-7.79|-0.06|102361
HELO|2017-02-01|221.99|231.24|-9.25|-0.04|14845
WRLD|2017-02-01|30.4|29.8|0.6|0.02|25307
SPQR|2017-02-01|55.99|55.44|0.55|0.01|200284
RNDM|2017-02-01|51.67|58.06|-6.39|-0.11|128400
THRC|2017-02-01|261.48|275.24|-13.76|-0.05|130605
FOOO|2017-02-02|48.58|49.57|-0.99|-0.02|8332
PVTL|2017-02-02|109.81|122.01|-12.2|-0.1|102361
HELO|2017-02-02|224.21|221.99|2.22|0.01|18110
WRLD|2017-02-02|31.62|30.4|1.22|0.04|28343
SPQR|2017-02-02|45.35|55.99|-10.64|-0.19|178252
RNDM|2017-02-02|51.67|51.67|0.0|0E+1|115560
THRC|2017-02-02|256.25|261.48|-5.23|-0.02|120156
FOOO|2017-02-03|55.87|48.58|7.29|0.15|7082
PVTL|2017-02-03|108.71|109.81|-1.1|-0.01|102361
HELO|2017-02-03|262.33|224.21|38.12|0.17|17385
WRLD|2017-02-03|30.99|31.62|-0.63|-0.02|32027
SPQR|2017-02-03|45.8|45.35|0.45|0.01|151514
RNDM|2017-02-03|53.22|51.67|1.55|0.03|104004
THRC|2017-02-03|322.88|256.25|66.63|0.26|93721
FOOO|2017-02-04|58.1|55.87|2.23|0.04|5736
PVTL|2017-02-04|122.84|108.71|14.13|0.13|87006
HELO|2017-02-04|272.82|262.33|10.49|0.04|18775
WRLD|2017-02-04|39.05|30.99|8.06|0.26|25301
SPQR|2017-02-04|44.88|45.8|-0.92|-0.02|134847
RNDM|2017-02-04|79.3|53.22|26.08|0.49|105044
THRC|2017-02-04|313.19|322.88|-9.69|-0.03|102155
FOOO|2017-02-05|51.71|58.1|-6.39|-0.11|4990
PVTL|2017-02-05|175.66|122.84|52.82|0.43|82655
HELO|2017-02-05|264.64|272.82|-8.18|-0.03|22154
WRLD|2017-02-05|38.27|39.05|-0.78|-0.02|29602
SPQR|2017-02-05|47.12|44.88|2.24|0.05|101135
RNDM|2017-02-05|79.3|79.3|0.0|0E+1|85085
THRC|2017-02-05|328.85|313.19|15.66|0.05|87853
FOOO|2017-02-06|58.43|51.71|6.72|0.13|4640
PVTL|2017-02-06|212.55|175.66|36.89|0.21|91747
HELO|2017-02-06|251.41|264.64|-13.23|-0.05|25034
WRLD|2017-02-06|42.1|38.27|3.83|0.1|36706
SPQR|2017-02-06|48.06|47.12|0.94|0.02|117316
RNDM|2017-02-06|80.89|79.3|1.59|0.02|66366
THRC|2017-02-06|328.85|328.85|0.0|0E+1|108059
FOOO|2017-02-07|55.51|58.43|-2.92|-0.05|3804
PVTL|2017-02-07|221.05|212.55|8.5|0.04|101839
HELO|2017-02-07|211.18|251.41|-40.23|-0.16|24783
WRLD|2017-02-07|41.68|42.1|-0.42|-0.01|33402
SPQR|2017-02-07|48.54|48.06|0.48|0.01|99718
RNDM|2017-02-07|80.08|80.89|-0.81|-0.01|79639
THRC|2017-02-07|243.35|328.85|-85.5|-0.26|94011
FOOO|2017-02-08|28.87|55.51|-26.64|-0.48|3461
PVTL|2017-02-08|192.31|221.05|-28.74|-0.13|94710
HELO|2017-02-08|238.63|211.18|27.45|0.13|24287
WRLD|2017-02-08|42.1|41.68|0.42|0.01|36742
SPQR|2017-02-08|47.08|48.54|-1.46|-0.03|85757
RNDM|2017-02-08|76.88|80.08|-3.2|-0.04|70082
THRC|2017-02-08|265.25|243.35|21.9|0.09|86490
FOOO|2017-02-09|31.18|28.87|2.31|0.08|3703
PVTL|2017-02-09|200.0|192.31|7.69|0.04|110810
HELO|2017-02-09|245.79|238.63|7.16|0.03|21615
WRLD|2017-02-09|37.05|42.1|-5.05|-0.12|36742
SPQR|2017-02-09|37.66|47.08|-9.42|-0.2|105481
RNDM|2017-02-09|80.72|76.88|3.84|0.05|58868
THRC|2017-02-09|273.21|265.25|7.96|0.03|98598
FOOO|2017-02-10|30.24|31.18|-0.94|-0.03|3665
PVTL|2017-02-10|228.0|200.0|28.0|0.14|132972
HELO|2017-02-10|240.87|245.79|-4.92|-0.02|26154
WRLD|2017-02-10|35.94|37.05|-1.11|-0.03|32332
SPQR|2017-02-10|44.06|37.66|6.4|0.17|100206
RNDM|2017-02-10|82.33|80.72|1.61|0.02|70641
THRC|2017-02-10|267.75|273.21|-5.46|-0.02|93668
FOOO|2017-02-11|27.82|30.24|-2.42|-0.08|4214
PVTL|2017-02-11|228.0|228.0|0.0|0E+1|103718
HELO|2017-02-11|252.91|240.87|12.04|0.05|24584
WRLD|2017-02-11|34.5|35.94|-1.44|-0.04|27805
SPQR|2017-02-11|44.5|44.06|0.44|0.01|100206
RNDM|2017-02-11|79.86|82.33|-2.47|-0.03|62870
THRC|2017-02-11|305.24|267.75|37.49|0.14|88984
FOOO|2017-02-12|31.44|27.82|3.62|0.13|4087
PVTL|2017-02-12|257.64|228.0|29.64|0.13|115126
HELO|2017-02-12|257.97|252.91|5.06|0.02|21879
WRLD|2017-02-12|34.5|34.5|0.0|0E+1|20853
SPQR|2017-02-12|38.72|44.5|-5.78|-0.13|97199
RNDM|2017-02-12|78.26|79.86|-1.6|-0.02|48409
THRC|2017-02-12|289.98|305.24|-15.26|-0.05|99662
FOOO|2017-02-13|29.87|31.44|-1.57|-0.05|3433
PVTL|2017-02-13|244.76|257.64|-12.88|-0.05|120882
HELO|2017-02-13|301.82|257.97|43.85|0.17|17721
WRLD|2017-02-13|23.12|34.5|-11.38|-0.33|16890
SPQR|2017-02-13|46.46|38.72|7.74|0.2|72899
RNDM|2017-02-13|74.35|78.26|-3.91|-0.05|40179
THRC|2017-02-13|214.59|289.98|-75.39|-0.26|122584
FOOO|2017-02-14|28.38|29.87|-1.49|-0.05|3158
PVTL|2017-02-14|279.03|244.76|34.27|0.14|113629
HELO|2017-02-14|208.26|301.82|-93.56|-0.31|16480
WRLD|2017-02-14|22.89|23.12|-0.23|-0.01|13174
SPQR|2017-02-14|48.32|46.46|1.86|0.04|88936
RNDM|2017-02-14|76.58|74.35|2.23|0.03|36161
THRC|2017-02-14|263.95|214.59|49.36|0.23|129939
FOOO|2017-02-15|29.52|28.38|1.14|0.04|2494
PVTL|2017-02-15|309.72|279.03|30.69|0.11|124991
HELO|2017-02-15|268.66|208.26|60.4|0.29|13348
WRLD|2017-02-15|23.58|22.89|0.69|0.03|10012
SPQR|2017-02-15|56.53|48.32|8.21|0.17|85378
RNDM|2017-02-15|73.52|76.58|-3.06|-0.04|43393
THRC|2017-02-15|242.83|263.95|-21.12|-0.08|153328
FOOO|2017-02-16|29.52|29.52|0.0|0E+1|2394
PVTL|2017-02-16|303.53|309.72|-6.19|-0.02|153738
HELO|2017-02-16|300.9|268.66|32.24|0.12|12947
WRLD|2017-02-16|19.81|23.58|-3.77|-0.16|11413
SPQR|2017-02-16|51.44|56.53|-5.09|-0.09|93915
RNDM|2017-02-16|72.05|73.52|-1.47|-0.02|52505
THRC|2017-02-16|242.83|242.83|0.0|0E+1|183993
FOOO|2017-02-17|19.48|29.52|-10.04|-0.34|2920
PVTL|2017-02-17|309.6|303.53|6.07|0.02|144513
HELO|2017-02-17|243.73|300.9|-57.17|-0.19|14889
WRLD|2017-02-17|19.02|19.81|-0.79|-0.04|9815
SPQR|2017-02-17|47.32|51.44|-4.12|-0.08|101428
RNDM|2017-02-17|74.93|72.05|2.88|0.04|40953
THRC|2017-02-17|254.97|242.83|12.14|0.05|172953
FOOO|2017-02-18|19.09|19.48|-0.39|-0.02|2190
PVTL|2017-02-18|315.79|309.6|6.19|0.02|138732
HELO|2017-02-18|236.42|243.73|-7.31|-0.03|17717
WRLD|2017-02-18|27.96|19.02|8.94|0.47|9127
SPQR|2017-02-18|42.11|47.32|-5.21|-0.11|104470
RNDM|2017-02-18|75.68|74.93|0.75|0.01|46686
THRC|2017-02-18|244.77|254.97|-10.2|-0.04|138362
FOOO|2017-02-19|16.04|19.09|-3.05|-0.16|2233
PVTL|2017-02-19|300.0|315.79|-15.79|-0.05|155379
HELO|2017-02-19|229.33|236.42|-7.09|-0.03|19311
WRLD|2017-02-19|31.87|27.96|3.91|0.14|8488
SPQR|2017-02-19|49.27|42.11|7.16|0.17|122229
RNDM|2017-02-19|77.95|75.68|2.27|0.03|55089
THRC|2017-02-19|239.87|244.77|-4.9|-0.02|124525
FOOO|2017-02-20|16.52|16.04|0.48|0.03|1674
PVTL|2017-02-20|315.0|300.0|15.0|0.05|160040
HELO|2017-02-20|266.02|229.33|36.69|0.16|15835
WRLD|2017-02-20|31.87|31.87|0.0|0E+1|7639
SPQR|2017-02-20|46.31|49.27|-2.96|-0.06|113672
RNDM|2017-02-20|82.63|77.95|4.68|0.06|46825
THRC|2017-02-20|266.26|239.87|26.39|0.11|135732
FOOO|2017-02-21|15.53|16.52|-0.99|-0.06|1540
PVTL|2017-02-21|459.9|315.0|144.9|0.46|131232
HELO|2017-02-21|268.68|266.02|2.66|0.01|18210
WRLD|2017-02-21|33.46|31.87|1.59|0.05|7562
SPQR|2017-02-21|49.09|46.31|2.78|0.06|93211
RNDM|2017-02-21|87.59|82.63|4.96|0.06|50571
THRC|2017-02-21|260.93|266.26|-5.33|-0.02|165593
FOOO|2017-02-22|13.36|15.53|-2.17|-0.14|1309
PVTL|2017-02-22|478.3|459.9|18.4|0.04|111547
HELO|2017-02-22|231.06|268.68|-37.62|-0.14|18210
WRLD|2017-02-22|37.14|33.46|3.68|0.11|5898
SPQR|2017-02-22|44.67|49.09|-4.42|-0.09|109988
RNDM|2017-02-22|90.22|87.59|2.63|0.03|53099
THRC|2017-02-22|255.71|260.93|-5.22|-0.02|134130
FOOO|2017-02-23|12.83|13.36|-0.53|-0.04|1439
PVTL|2017-02-23|521.35|478.3|43.05|0.09|110431
HELO|2017-02-23|226.44|231.06|-4.62|-0.02|22398
WRLD|2017-02-23|47.54|37.14|10.4|0.28|4895
SPQR|2017-02-23|42.44|44.67|-2.23|-0.05|103388
RNDM|2017-02-23|86.61|90.22|-3.61|-0.04|46727
THRC|2017-02-23|248.04|255.71|-7.67|-0.03|166321
FOOO|2017-02-24|12.32|12.83|-0.51|-0.04|1698
PVTL|2017-02-24|448.36|521.35|-72.99|-0.14|111535
HELO|2017-02-24|289.84|226.44|63.4|0.28|21950
WRLD|2017-02-24|46.59|47.54|-0.95|-0.02|5237
SPQR|2017-02-24|40.74|42.44|-1.7|-0.04|105455
RNDM|2017-02-24|76.22|86.61|-10.39|-0.12|41119
THRC|2017-02-24|290.21|248.04|42.17|0.17|156341
FOOO|2017-02-25|13.06|12.32|0.74|0.06|1731
PVTL|2017-02-25|434.91|448.36|-13.45|-0.03|130495
HELO|2017-02-25|324.62|289.84|34.78|0.12|24145
WRLD|2017-02-25|50.78|46.59|4.19|0.09|4975
SPQR|2017-02-25|35.04|40.74|-5.7|-0.14|101236
RNDM|2017-02-25|43.45|76.22|-32.77|-0.43|37418
THRC|2017-02-25|406.29|290.21|116.08|0.4|120382
FOOO|2017-02-26|13.32|13.06|0.26|0.02|1367
PVTL|2017-02-26|487.1|434.91|52.19|0.12|122665
HELO|2017-02-26|366.82|324.62|42.2|0.13|19798
WRLD|2017-02-26|51.29|50.78|0.51|0.01|6169
SPQR|2017-02-26|35.39|35.04|0.35|0.01|102248
RNDM|2017-02-26|45.19|43.45|1.74|0.04|46024
THRC|2017-02-26|430.67|406.29|24.38|0.06|116770
FOOO|2017-02-27|14.12|13.32|0.8|0.06|1107
PVTL|2017-02-27|462.74|487.1|-24.36|-0.05|116531
HELO|2017-02-27|359.48|366.82|-7.34|-0.02|18610
WRLD|2017-02-27|43.6|51.29|-7.69|-0.15|7217
SPQR|2017-02-27|33.97|35.39|-1.42|-0.04|108382
RNDM|2017-02-27|43.38|45.19|-1.81|-0.04|46944
THRC|2017-02-27|422.06|430.67|-8.61|-0.02|102757
FOOO|2017-02-28|19.63|14.12|5.51|0.39|1306
PVTL|2017-02-28|476.62|462.74|13.88|0.03|93224
HELO|2017-02-28|345.1|359.48|-14.38|-0.04|23076
WRLD|2017-02-28|41.86|43.6|-1.74|-0.04|7938
SPQR|2017-02-28|35.67|33.97|1.7|0.05|81286
RNDM|2017-02-28|44.68|43.38|1.3|0.03|47882
THRC|2017-02-28|409.4|422.06|-12.66|-0.03|84260
FOOO|2017-03-01|20.42|19.63|0.79|0.04|1005
PVTL|2017-03-01|405.13|476.62|-71.49|-0.15|94156
HELO|2017-03-01|334.75|345.1|-10.35|-0.03|23076
WRLD|2017-03-01|43.95|41.86|2.09|0.05|8017
SPQR|2017-03-01|42.8|35.67|7.13|0.2|64215
RNDM|2017-03-01|45.57|44.68|0.89|0.02|39263
THRC|2017-03-01|331.61|409.4|-77.79|-0.19|94371
FOOO|2017-03-02|21.24|20.42|0.82|0.04|1055
PVTL|2017-03-02|380.82|405.13|-24.31|-0.06|88506
HELO|2017-03-02|318.01|334.75|-16.74|-0.05|19383
WRLD|2017-03-02|48.35|43.95|4.4|0.1|9540
SPQR|2017-03-02|43.66|42.8|0.86|0.02|78984
RNDM|2017-03-02|46.94|45.57|1.37|0.03|43974
THRC|2017-03-02|321.66|331.61|-9.95|-0.03|97202
FOOO|2017-03-03|23.58|21.24|2.34|0.11|1171
PVTL|2017-03-03|361.78|380.82|-19.04|-0.05|106207
HELO|2017-03-03|429.31|318.01|111.3|0.35|24034
WRLD|2017-03-03|41.58|48.35|-6.77|-0.14|7155
SPQR|2017-03-03|45.84|43.66|2.18|0.05|61607
RNDM|2017-03-03|47.88|46.94|0.94|0.02|33420
THRC|2017-03-03|421.37|321.66|99.71|0.31|101090
FOOO|2017-03-04|23.58|23.58|0.0|0E+1|1405
PVTL|2017-03-04|372.63|361.78|10.85|0.03|128510
HELO|2017-03-04|493.71|429.31|64.4|0.15|18265
WRLD|2017-03-04|22.45|41.58|-19.13|-0.46|7942
SPQR|2017-03-04|45.38|45.84|-0.46|-0.01|67767
RNDM|2017-03-04|53.15|47.88|5.27|0.11|40438
THRC|2017-03-04|438.22|421.37|16.85|0.04|97046
FOOO|2017-03-05|22.87|23.58|-0.71|-0.03|1601
PVTL|2017-03-05|365.18|372.63|-7.45|-0.02|97667
HELO|2017-03-05|508.52|493.71|14.81|0.03|20274
WRLD|2017-03-05|23.12|22.45|0.67|0.03|8100
SPQR|2017-03-05|58.54|45.38|13.16|0.29|82675
RNDM|2017-03-05|57.93|53.15|4.78|0.09|38416
THRC|2017-03-05|376.87|438.22|-61.35|-0.14|78607
FOOO|2017-03-06|24.01|22.87|1.14|0.05|1424
PVTL|2017-03-06|346.92|365.18|-18.26|-0.05|86923
HELO|2017-03-06|533.95|508.52|25.43|0.05|18043
WRLD|2017-03-06|23.58|23.12|0.46|0.02|7857
SPQR|2017-03-06|56.2|58.54|-2.34|-0.04|72754
RNDM|2017-03-06|65.46|57.93|7.53|0.13|42257
THRC|2017-03-06|365.56|376.87|-11.31|-0.03|96686
FOOO|2017-03-07|24.01|24.01|0.0|0E+1|1566
PVTL|2017-03-07|360.8|346.92|13.88|0.04|105176
HELO|2017-03-07|667.44|533.95|133.49|0.25|13712
WRLD|2017-03-07|23.82|23.58|0.24|0.01|8485
SPQR|2017-03-07|62.94|56.2|6.74|0.12|61113
RNDM|2017-03-07|65.46|65.46|0.0|0E+1|49863
THRC|2017-03-07|394.8|365.56|29.24|0.08|79282
FOOO|2017-03-08|25.45|24.01|1.44|0.06|1237
PVTL|2017-03-08|342.76|360.8|-18.04|-0.05|79933
HELO|2017-03-08|740.86|667.44|73.42|0.11|12477
WRLD|2017-03-08|26.44|23.82|2.62|0.11|6872
SPQR|2017-03-08|71.12|62.94|8.18|0.13|75780
RNDM|2017-03-08|58.91|65.46|-6.55|-0.1|60832
THRC|2017-03-08|375.06|394.8|-19.74|-0.05|90381
FOOO|2017-03-09|24.18|25.45|-1.27|-0.05|1335
PVTL|2017-03-09|390.75|342.76|47.99|0.14|91922
HELO|2017-03-09|711.23|740.86|-29.63|-0.04|9357
WRLD|2017-03-09|27.5|26.44|1.06|0.04|7353
SPQR|2017-03-09|81.08|71.12|9.96|0.14|90178
RNDM|2017-03-09|60.68|58.91|1.77|0.03|59007
THRC|2017-03-09|337.55|375.06|-37.51|-0.1|101226
FOOO|2017-03-10|28.29|24.18|4.11|0.17|1495
PVTL|2017-03-10|386.84|390.75|-3.91|-0.01|82729
HELO|2017-03-10|611.66|711.23|-99.57|-0.14|9169
WRLD|2017-03-10|27.5|27.5|0.0|0E+1|7867
SPQR|2017-03-10|94.05|81.08|12.97|0.16|73945
RNDM|2017-03-10|64.32|60.68|3.64|0.06|61367
THRC|2017-03-10|388.18|337.55|50.63|0.15|125520
FOOO|2017-03-11|27.72|28.29|-0.57|-0.02|1166
PVTL|2017-03-11|425.52|386.84|38.68|0.1|82729
HELO|2017-03-11|648.36|611.66|36.7|0.06|9535
WRLD|2017-03-11|27.78|27.5|0.28|0.01|8653
SPQR|2017-03-11|83.7|94.05|-10.35|-0.11|74684
RNDM|2017-03-11|76.54|64.32|12.22|0.19|60139
THRC|2017-03-11|446.41|388.18|58.23|0.15|135561
FOOO|2017-03-12|27.44|27.72|-0.28|-0.01|1212
PVTL|2017-03-12|472.33|425.52|46.81|0.11|67010
HELO|2017-03-12|706.71|648.36|58.35|0.09|9821
WRLD|2017-03-12|30.84|27.78|3.06|0.11|6835
SPQR|2017-03-12|81.19|83.7|-2.51|-0.03|73937
RNDM|2017-03-12|77.31|76.54|0.77|0.01|61341
THRC|2017-03-12|428.55|446.41|-17.86|-0.04|115226
FOOO|2017-03-13|27.44|27.44|0.0|0E+1|1248
PVTL|2017-03-13|552.63|472.33|80.3|0.17|60979
HELO|2017-03-13|685.51|706.71|-21.2|-0.03|11294
WRLD|2017-03-13|30.22|30.84|-0.62|-0.02|5673
SPQR|2017-03-13|82.81|81.19|1.62|0.02|64325
RNDM|2017-03-13|74.22|77.31|-3.09|-0.04|51526
THRC|2017-03-13|428.55|428.55|0.0|0E+1|106007
FOOO|2017-03-14|31.83|27.44|4.39|0.16|1135
PVTL|2017-03-14|525.0|552.63|-27.63|-0.05|69516
HELO|2017-03-14|726.64|685.51|41.13|0.06|13213
WRLD|2017-03-14|30.82|30.22|0.6|0.02|5048
SPQR|2017-03-14|83.64|82.81|0.83|0.01|73330
RNDM|2017-03-14|74.22|74.22|0.0|0E+1|61831
THRC|2017-03-14|407.12|428.55|-21.43|-0.05|99646
FOOO|2017-03-15|29.28|31.83|-2.55|-0.08|1248
PVTL|2017-03-15|540.75|525.0|15.75|0.03|70906
HELO|2017-03-15|653.98|726.64|-72.66|-0.1|10174
WRLD|2017-03-15|29.28|30.82|-1.54|-0.05|5502
SPQR|2017-03-15|84.48|83.64|0.84|0.01|69663
RNDM|2017-03-15|75.7|74.22|1.48|0.02|64922
THRC|2017-03-15|386.76|407.12|-20.36|-0.05|117582
FOOO|2017-03-16|26.94|29.28|-2.34|-0.08|1297
PVTL|2017-03-16|551.57|540.75|10.82|0.02|78705
HELO|2017-03-16|732.46|653.98|78.48|0.12|7630
WRLD|2017-03-16|29.57|29.28|0.29|0.01|6492
SPQR|2017-03-16|68.43|84.48|-16.05|-0.19|71056
RNDM|2017-03-16|68.89|75.7|-6.81|-0.09|68817
THRC|2017-03-16|371.29|386.76|-15.47|-0.04|96417
FOOO|2017-03-17|38.79|26.94|11.85|0.44|1504
PVTL|2017-03-17|562.6|551.57|11.03|0.02|93658
HELO|2017-03-17|747.11|732.46|14.65|0.02|7095
WRLD|2017-03-17|28.68|29.57|-0.89|-0.03|5258
SPQR|2017-03-17|72.54|68.43|4.11|0.06|77451
RNDM|2017-03-17|67.51|68.89|-1.38|-0.02|52989
THRC|2017-03-17|389.85|371.29|18.56|0.05|88703
FOOO|2017-03-18|34.14|38.79|-4.65|-0.12|1473
PVTL|2017-03-18|545.72|562.6|-16.88|-0.03|92721
HELO|2017-03-18|791.94|747.11|44.83|0.06|7024
WRLD|2017-03-18|25.53|28.68|-3.15|-0.11|5626
SPQR|2017-03-18|79.07|72.54|6.53|0.09|68156
RNDM|2017-03-18|66.16|67.51|-1.35|-0.02|46100
THRC|2017-03-18|584.78|389.85|194.93|0.5|74510
FOOO|2017-03-19|32.77|34.14|-1.37|-0.04|1266
PVTL|2017-03-19|425.66|545.72|-120.06|-0.22|104774
HELO|2017-03-19|752.34|791.94|-39.6|-0.05|8147
WRLD|2017-03-19|25.02|25.53|-0.51|-0.02|6582
SPQR|2017-03-19|85.4|79.07|6.33|0.08|68156
RNDM|2017-03-19|66.16|66.16|0.0|0E+1|35958
THRC|2017-03-19|654.95|584.78|70.17|0.12|64078
FOOO|2017-03-20|32.77|32.77|0.0|0E+1|1354
PVTL|2017-03-20|429.92|425.66|4.26|0.01|79628
HELO|2017-03-20|744.82|752.34|-7.52|-0.01|8147
WRLD|2017-03-20|23.77|25.02|-1.25|-0.05|5331
SPQR|2017-03-20|93.09|85.4|7.69|0.09|83831
RNDM|2017-03-20|64.18|66.16|-1.98|-0.03|34519
THRC|2017-03-20|563.26|654.95|-91.69|-0.14|51903
FOOO|2017-03-21|32.44|32.77|-0.33|-0.01|1042
PVTL|2017-03-21|326.74|429.92|-103.18|-0.24|71665
HELO|2017-03-21|856.54|744.82|111.72|0.15|9531
WRLD|2017-03-21|23.53|23.77|-0.24|-0.01|3998
SPQR|2017-03-21|97.74|93.09|4.65|0.05|69579
RNDM|2017-03-21|58.4|64.18|-5.78|-0.09|31757
THRC|2017-03-21|473.14|563.26|-90.12|-0.16|63840
FOOO|2017-03-22|32.76|32.44|0.32|0.01|1094
PVTL|2017-03-22|339.81|326.74|13.07|0.04|73814
HELO|2017-03-22|856.54|856.54|0.0|0E+1|8768
WRLD|2017-03-22|22.35|23.53|-1.18|-0.05|4357
SPQR|2017-03-22|110.45|97.74|12.71|0.13|64708
RNDM|2017-03-22|51.39|58.4|-7.01|-0.12|30486
THRC|2017-03-22|501.53|473.14|28.39|0.06|78523
FOOO|2017-03-23|29.81|32.76|-2.95|-0.09|1159
PVTL|2017-03-23|322.82|339.81|-16.99|-0.05|88576
HELO|2017-03-23|813.71|856.54|-42.83|-0.05|10083
WRLD|2017-03-23|22.57|22.35|0.22|0.01|3921
SPQR|2017-03-23|123.7|110.45|13.25|0.12|57590
RNDM|2017-03-23|59.1|51.39|7.71|0.15|28961
THRC|2017-03-23|581.77|501.53|80.24|0.16|65959
FOOO|2017-03-24|22.95|29.81|-6.86|-0.23|1263
PVTL|2017-03-24|174.32|322.82|-148.5|-0.46|93890
HELO|2017-03-24|781.16|813.71|-32.55|-0.04|8873
WRLD|2017-03-24|19.86|22.57|-2.71|-0.12|3097
SPQR|2017-03-24|124.94|123.7|1.24|0.01|63349
RNDM|2017-03-24|63.83|59.1|4.73|0.08|33305
THRC|2017-03-24|639.95|581.77|58.18|0.1|60022
FOOO|2017-03-25|22.26|22.95|-0.69|-0.03|1427
PVTL|2017-03-25|172.58|174.32|-1.74|-0.01|79806
HELO|2017-03-25|812.41|781.16|31.25|0.04|9316
WRLD|2017-03-25|22.24|19.86|2.38|0.12|2880
SPQR|2017-03-25|113.7|124.94|-11.24|-0.09|53213
RNDM|2017-03-25|61.92|63.83|-1.91|-0.03|38633
THRC|2017-03-25|646.35|639.95|6.4|0.01|57621
FOOO|2017-03-26|22.26|22.26|0.0|0E+1|1626
PVTL|2017-03-26|179.48|172.58|6.9|0.04|94171
HELO|2017-03-26|625.56|812.41|-186.85|-0.23|9968
WRLD|2017-03-26|22.68|22.24|0.44|0.02|2563
SPQR|2017-03-26|145.54|113.7|31.84|0.28|64919
RNDM|2017-03-26|79.88|61.92|17.96|0.29|38246
THRC|2017-03-26|659.28|646.35|12.93|0.02|52435
FOOO|2017-03-27|22.93|22.26|0.67|0.03|1951
PVTL|2017-03-27|195.63|179.48|16.15|0.09|110180
HELO|2017-03-27|713.14|625.56|87.58|0.14|10765
WRLD|2017-03-27|17.69|22.68|-4.99|-0.22|2639
SPQR|2017-03-27|139.72|145.54|-5.82|-0.04|62971
RNDM|2017-03-27|73.49|79.88|-6.39|-0.08|29066
THRC|2017-03-27|692.24|659.28|32.96|0.05|47715
FOOO|2017-03-28|21.78|22.93|-1.15|-0.05|1892
PVTL|2017-03-28|203.46|195.63|7.83|0.04|101365
HELO|2017-03-28|713.14|713.14|0.0|0E+1|8719
WRLD|2017-03-28|18.4|17.69|0.71|0.04|2322
SPQR|2017-03-28|141.12|139.72|1.4|0.01|47857
RNDM|2017-03-28|76.43|73.49|2.94|0.04|23543
THRC|2017-03-28|719.93|692.24|27.69|0.04|49623
FOOO|2017-03-29|23.52|21.78|1.74|0.08|1854
PVTL|2017-03-29|211.6|203.46|8.14|0.04|121638
HELO|2017-03-29|691.75|713.14|-21.39|-0.03|9852
WRLD|2017-03-29|19.14|18.4|0.74|0.04|2322
SPQR|2017-03-29|135.48|141.12|-5.64|-0.04|57428
RNDM|2017-03-29|79.49|76.43|3.06|0.04|19776
THRC|2017-03-29|698.33|719.93|-21.6|-0.03|55081
FOOO|2017-03-30|19.52|23.52|-4.0|-0.17|1724
PVTL|2017-03-30|207.37|211.6|-4.23|-0.02|148398
HELO|2017-03-30|705.59|691.75|13.84|0.02|7783
WRLD|2017-03-30|22.01|19.14|2.87|0.15|2414
SPQR|2017-03-30|138.19|135.48|2.71|0.02|47090
RNDM|2017-03-30|72.34|79.49|-7.15|-0.09|19973
THRC|2017-03-30|831.01|698.33|132.68|0.19|60589
FOOO|2017-03-31|20.69|19.52|1.17|0.06|1413
PVTL|2017-03-31|197.0|207.37|-10.37|-0.05|135042
HELO|2017-03-31|776.15|705.59|70.56|0.1|8249
WRLD|2017-03-31|18.71|22.01|-3.3|-0.15|2655
SPQR|2017-03-31|142.34|138.19|4.15|0.03|58391
RNDM|2017-03-31|73.06|72.34|0.72|0.01|24766
THRC|2017-03-31|747.91|831.01|-83.1|-0.1|73918
FOOO|2017-04-01|20.69|20.69|0.0|0E+1|1328
PVTL|2017-04-01|191.09|197.0|-5.91|-0.03|124238
HELO|2017-04-01|791.67|776.15|15.52|0.02|9898
WRLD|2017-04-01|17.59|18.71|-1.12|-0.06|2017
SPQR|2017-04-01|162.27|142.34|19.93|0.14|56055
RNDM|2017-04-01|61.37|73.06|-11.69|-0.16|21298
THRC|2017-04-01|807.74|747.91|59.83|0.08|89440
FOOO|2017-04-02|20.9|20.69|0.21|0.01|1460
PVTL|2017-04-02|183.45|191.09|-7.64|-0.04|147843
HELO|2017-04-02|799.59|791.67|7.92|0.01|10194
WRLD|2017-04-02|17.24|17.59|-0.35|-0.02|1714
SPQR|2017-04-02|92.49|162.27|-69.78|-0.43|57176
RNDM|2017-04-02|64.44|61.37|3.07|0.05|22362
THRC|2017-04-02|848.13|807.74|40.39|0.05|69763
FOOO|2017-04-03|20.69|20.9|-0.21|-0.01|1679
PVTL|2017-04-03|209.13|183.45|25.68|0.14|110882
HELO|2017-04-03|791.59|799.59|-8.0|-0.01|11213
WRLD|2017-04-03|14.48|17.24|-2.76|-0.16|1816
SPQR|2017-04-03|123.94|92.49|31.45|0.34|62893
RNDM|2017-04-03|70.88|64.44|6.44|0.1|24821
THRC|2017-04-03|865.09|848.13|16.96|0.02|85808
FOOO|2017-04-04|19.66|20.69|-1.03|-0.05|1930
PVTL|2017-04-04|204.95|209.13|-4.18|-0.02|87596
HELO|2017-04-04|807.42|791.59|15.83|0.02|9306
WRLD|2017-04-04|14.19|14.48|-0.29|-0.02|2215
SPQR|2017-04-04|122.7|123.94|-1.24|-0.01|62893
RNDM|2017-04-04|67.34|70.88|-3.54|-0.05|30778
THRC|2017-04-04|1012.16|865.09|147.07|0.17|87524
FOOO|2017-04-05|23.79|19.66|4.13|0.21|1679
PVTL|2017-04-05|209.05|204.95|4.1|0.02|105115
HELO|2017-04-05|904.31|807.42|96.89|0.12|9492
WRLD|2017-04-05|13.91|14.19|-0.28|-0.02|1993
SPQR|2017-04-05|127.61|122.7|4.91|0.04|59119
RNDM|2017-04-05|78.79|67.34|11.45|0.17|36318
THRC|2017-04-05|1174.11|1012.16|161.95|0.16|94525
FOOO|2017-04-06|20.46|23.79|-3.33|-0.14|1846
PVTL|2017-04-06|198.6|209.05|-10.45|-0.05|116677
HELO|2017-04-06|1193.69|904.31|289.38|0.32|11580
WRLD|2017-04-06|13.21|13.91|-0.7|-0.05|2371
SPQR|2017-04-06|131.44|127.61|3.83|0.03|44339
RNDM|2017-04-06|75.64|78.79|-3.15|-0.04|38860
THRC|2017-04-06|1268.04|1174.11|93.93|0.08|116265
FOOO|2017-04-07|26.6|20.46|6.14|0.3|2085
PVTL|2017-04-07|166.82|198.6|-31.78|-0.16|120177
HELO|2017-04-07|1026.57|1193.69|-167.12|-0.14|11927
WRLD|2017-04-07|13.87|13.21|0.66|0.05|2323
SPQR|2017-04-07|105.15|131.44|-26.29|-0.2|50546
RNDM|2017-04-07|84.72|75.64|9.08|0.12|31088
THRC|2017-04-07|1318.76|1268.04|50.72|0.04|109289
FOOO|2017-04-08|22.34|26.6|-4.26|-0.16|2230
PVTL|2017-04-08|161.82|166.82|-5.0|-0.03|128589
HELO|2017-04-08|1077.9|1026.57|51.33|0.05|14789
WRLD|2017-04-08|14.01|13.87|0.14|0.01|2834
SPQR|2017-04-08|111.46|105.15|6.31|0.06|61160
RNDM|2017-04-08|129.62|84.72|44.9|0.53|28911
THRC|2017-04-08|1516.57|1318.76|197.81|0.15|122403
FOOO|2017-04-09|18.54|22.34|-3.8|-0.17|2140
PVTL|2017-04-09|158.58|161.82|-3.24|-0.02|105442
HELO|2017-04-09|1099.46|1077.9|21.56|0.02|16711
WRLD|2017-04-09|16.39|14.01|2.38|0.17|2493
SPQR|2017-04-09|129.29|111.46|17.83|0.16|71557
RNDM|2017-04-09|134.8|129.62|5.18|0.04|24574
THRC|2017-04-09|1683.39|1516.57|166.82|0.11|110162
FOOO|2017-04-10|17.61|18.54|-0.93|-0.05|1626
PVTL|2017-04-10|161.75|158.58|3.17|0.02|95952
HELO|2017-04-10|1154.43|1099.46|54.97|0.05|18214
WRLD|2017-04-10|10.16|16.39|-6.23|-0.38|2916
SPQR|2017-04-10|157.73|129.29|28.44|0.22|65832
RNDM|2017-04-10|129.41|134.8|-5.39|-0.04|19167
THRC|2017-04-10|1666.56|1683.39|-16.83|-0.01|91434
FOOO|2017-04-11|15.85|17.61|-1.76|-0.1|1837
PVTL|2017-04-11|161.75|161.75|0.0|0E+1|85397
HELO|2017-04-11|1223.7|1154.43|69.27|0.06|17303
WRLD|2017-04-11|11.07|10.16|0.91|0.09|2449
SPQR|2017-04-11|159.31|157.73|1.58|0.01|73731
RNDM|2017-04-11|111.29|129.41|-18.12|-0.14|14375
THRC|2017-04-11|1733.22|1666.56|66.66|0.04|106977
FOOO|2017-04-12|16.33|15.85|0.48|0.03|2020
PVTL|2017-04-12|158.52|161.75|-3.23|-0.02|80273
HELO|2017-04-12|1064.62|1223.7|-159.08|-0.13|21282
WRLD|2017-04-12|9.3|11.07|-1.77|-0.16|2644
SPQR|2017-04-12|167.28|159.31|7.97|0.05|89214
RNDM|2017-04-12|115.74|111.29|4.45|0.04|14950
THRC|2017-04-12|1438.57|1733.22|-294.65|-0.17|118744
FOOO|2017-04-13|15.84|16.33|-0.49|-0.03|1818
PVTL|2017-04-13|155.35|158.52|-3.17|-0.02|60204
HELO|2017-04-13|1000.74|1064.62|-63.88|-0.06|19579
WRLD|2017-04-13|7.25|9.3|-2.05|-0.22|2115
SPQR|2017-04-13|158.92|167.28|-8.36|-0.05|99919
RNDM|2017-04-13|115.74|115.74|0.0|0E+1|16295
THRC|2017-04-13|1280.33|1438.57|-158.24|-0.11|135368
FOOO|2017-04-14|15.05|15.84|-0.79|-0.05|1654
PVTL|2017-04-14|147.58|155.35|-7.77|-0.05|55387
HELO|2017-04-14|840.62|1000.74|-160.12|-0.16|20949
WRLD|2017-04-14|6.6|7.25|-0.65|-0.09|2538
SPQR|2017-04-14|155.74|158.92|-3.18|-0.02|87928
RNDM|2017-04-14|121.53|115.74|5.79|0.05|19391
THRC|2017-04-14|1203.51|1280.33|-76.82|-0.06|134014
FOOO|2017-04-15|14.6|15.05|-0.45|-0.03|1306
PVTL|2017-04-15|152.01|147.58|4.43|0.03|59264
HELO|2017-04-15|874.24|840.62|33.62|0.04|25557
WRLD|2017-04-15|6.4|6.6|-0.2|-0.03|2157
SPQR|2017-04-15|177.54|155.74|21.8|0.14|95841
RNDM|2017-04-15|102.09|121.53|-19.44|-0.16|18227
THRC|2017-04-15|1347.93|1203.51|144.42|0.12|103190
FOOO|2017-04-16|14.6|14.6|0.0|0E+1|1097
PVTL|2017-04-16|173.29|152.01|21.28|0.14|60449
HELO|2017-04-16|760.59|874.24|-113.65|-0.13|28623
WRLD|2017-04-16|6.53|6.4|0.13|0.02|1747
SPQR|2017-04-16|168.66|177.54|-8.88|-0.05|92007
RNDM|2017-04-16|108.22|102.09|6.13|0.06|22054
THRC|2017-04-16|1280.53|1347.93|-67.4|-0.05|115572
FOOO|2017-04-17|13.43|14.6|-1.17|-0.08|877
PVTL|2017-04-17|178.49|173.29|5.2|0.03|73143
HELO|2017-04-17|806.23|760.59|45.64|0.06|25760
WRLD|2017-04-17|5.88|6.53|-0.65|-0.1|1869
SPQR|2017-04-17|166.97|168.66|-1.69|-0.01|81886
RNDM|2017-04-17|109.3|108.22|1.08|0.01|24038
THRC|2017-04-17|1434.19|1280.53|153.66|0.12|134063
FOOO|2017-04-18|13.97|13.43|0.54|0.04|684
PVTL|2017-04-18|178.49|178.49|0.0|0E+1|75337
HELO|2017-04-18|943.29|806.23|137.06|0.17|25244
WRLD|2017-04-18|5.64|5.88|-0.24|-0.04|2037
SPQR|2017-04-18|160.29|166.97|-6.68|-0.04|68784
RNDM|2017-04-18|123.51|109.3|14.21|0.13|23076
THRC|2017-04-18|1247.75|1434.19|-186.44|-0.13|103228
FOOO|2017-04-19|14.11|13.97|0.14|0.01|834
PVTL|2017-04-19|169.57|178.49|-8.92|-0.05|82870
HELO|2017-04-19|782.93|943.29|-160.36|-0.17|21709
WRLD|2017-04-19|5.36|5.64|-0.28|-0.05|1833
SPQR|2017-04-19|155.48|160.29|-4.81|-0.03|66032
RNDM|2017-04-19|123.51|123.51|0.0|0E+1|18691
THRC|2017-04-19|1310.14|1247.75|62.39|0.05|113550
FOOO|2017-04-20|14.39|14.11|0.28|0.02|925
PVTL|2017-04-20|169.57|169.57|0.0|0E+1|79555
HELO|2017-04-20|806.42|782.93|23.49|0.03|16715
WRLD|2017-04-20|4.82|5.36|-0.54|-0.1|1979
SPQR|2017-04-20|146.15|155.48|-9.33|-0.06|57447
RNDM|2017-04-20|121.04|123.51|-2.47|-0.02|17756
THRC|2017-04-20|1244.63|1310.14|-65.51|-0.05|133989
FOOO|2017-04-21|13.81|14.39|-0.58|-0.04|730
PVTL|2017-04-21|166.18|169.57|-3.39|-0.02|71599
HELO|2017-04-21|838.68|806.42|32.26|0.04|15210
WRLD|2017-04-21|5.01|4.82|0.19|0.04|2335
SPQR|2017-04-21|166.61|146.15|20.46|0.14|43085
RNDM|2017-04-21|121.04|121.04|0.0|0E+1|16690
THRC|2017-04-21|1294.42|1244.63|49.79|0.04|158107
FOOO|2017-04-22|12.43|13.81|-1.38|-0.1|890
PVTL|2017-04-22|139.59|166.18|-26.59|-0.16|88782
HELO|2017-04-22|838.68|838.68|0.0|0E+1|12320
WRLD|2017-04-22|4.96|5.01|-0.05|-0.01|2241
SPQR|2017-04-22|166.61|166.61|0.0|0E+1|51271
RNDM|2017-04-22|106.52|121.04|-14.52|-0.12|14687
THRC|2017-04-22|1320.31|1294.42|25.89|0.02|137553
FOOO|2017-04-23|12.31|12.43|-0.12|-0.01|934
PVTL|2017-04-23|140.99|139.59|1.4|0.01|109201
HELO|2017-04-23|838.68|838.68|0.0|0E+1|14168
WRLD|2017-04-23|4.32|4.96|-0.64|-0.13|2397
SPQR|2017-04-23|186.6|166.61|19.99|0.12|42554
RNDM|2017-04-23|62.85|106.52|-43.67|-0.41|14540
THRC|2017-04-23|1373.12|1320.31|52.81|0.04|132050
FOOO|2017-04-24|13.05|12.31|0.74|0.06|1083
PVTL|2017-04-24|140.99|140.99|0.0|0E+1|100464
HELO|2017-04-24|729.65|838.68|-109.03|-0.13|13176
WRLD|2017-04-24|3.93|4.32|-0.39|-0.09|2780
SPQR|2017-04-24|190.33|186.6|3.73|0.02|34468
RNDM|2017-04-24|59.71|62.85|-3.14|-0.05|15994
THRC|2017-04-24|1400.58|1373.12|27.46|0.02|132050
FOOO|2017-04-25|12.27|13.05|-0.78|-0.06|1050
PVTL|2017-04-25|162.14|140.99|21.15|0.15|98454
HELO|2017-04-25|707.76|729.65|-21.89|-0.03|10277
WRLD|2017-04-25|4.01|3.93|0.08|0.02|2224
SPQR|2017-04-25|169.39|190.33|-20.94|-0.11|33778
RNDM|2017-04-25|60.31|59.71|0.6|0.01|13754
THRC|2017-04-25|1176.49|1400.58|-224.09|-0.16|124127
FOOO|2017-04-26|12.88|12.27|0.61|0.05|808
PVTL|2017-04-26|131.33|162.14|-30.81|-0.19|79747
HELO|2017-04-26|764.38|707.76|56.62|0.08|10071
WRLD|2017-04-26|4.65|4.01|0.64|0.16|1934
SPQR|2017-04-26|215.13|169.39|45.74|0.27|40871
RNDM|2017-04-26|46.44|60.31|-13.87|-0.23|15542
THRC|2017-04-26|1035.31|1176.49|-141.18|-0.12|127850
FOOO|2017-04-27|12.24|12.88|-0.64|-0.05|921
PVTL|2017-04-27|114.26|131.33|-17.07|-0.13|98088
HELO|2017-04-27|741.45|764.38|-22.93|-0.03|10272
WRLD|2017-04-27|4.51|4.65|-0.14|-0.03|2185
SPQR|2017-04-27|232.34|215.13|17.21|0.08|46592
RNDM|2017-04-27|48.3|46.44|1.86|0.04|15231
THRC|2017-04-27|1066.37|1035.31|31.06|0.03|125293
FOOO|2017-04-28|12.73|12.24|0.49|0.04|874
PVTL|2017-04-28|101.69|114.26|-12.57|-0.11|74546
HELO|2017-04-28|763.69|741.45|22.24|0.03|10169
WRLD|2017-04-28|4.33|4.51|-0.18|-0.04|2447
SPQR|2017-04-28|220.72|232.34|-11.62|-0.05|45660
RNDM|2017-04-28|51.2|48.3|2.9|0.06|16906
THRC|2017-04-28|1055.71|1066.37|-10.66|-0.01|127798
FOOO|2017-04-29|10.57|12.73|-2.16|-0.17|751
PVTL|2017-04-29|76.27|101.69|-25.42|-0.25|58145
HELO|2017-04-29|725.51|763.69|-38.18|-0.05|11490
WRLD|2017-04-29|4.29|4.33|-0.04|-0.01|1982
SPQR|2017-04-29|231.76|220.72|11.04|0.05|46573
RNDM|2017-04-29|55.3|51.2|4.1|0.08|18089
THRC|2017-04-29|1214.07|1055.71|158.36|0.15|98404
FOOO|2017-04-30|12.26|10.57|1.69|0.16|615
PVTL|2017-04-30|74.74|76.27|-1.53|-0.02|65122
HELO|2017-04-30|609.43|725.51|-116.08|-0.16|13558
WRLD|2017-04-30|5.53|4.29|1.24|0.29|2001
SPQR|2017-04-30|224.81|231.76|-6.95|-0.03|50764
RNDM|2017-04-30|53.09|55.3|-2.21|-0.04|20983
THRC|2017-04-30|1141.23|1214.07|-72.84|-0.06|116116
FOOO|2017-05-01|14.22|12.26|1.96|0.16|725
PVTL|2017-05-01|75.49|74.74|0.75|0.01|65773
HELO|2017-05-01|609.43|609.43|0.0|0E+1|15727
WRLD|2017-05-01|5.7|5.53|0.17|0.03|2101
SPQR|2017-05-01|200.08|224.81|-24.73|-0.11|55840
RNDM|2017-05-01|55.74|53.09|2.65|0.05|21402
THRC|2017-05-01|1198.29|1141.23|57.06|0.05|138178
FOOO|2017-05-02|12.37|14.22|-1.85|-0.13|746
PVTL|2017-05-02|71.72|75.49|-3.77|-0.05|64457
HELO|2017-05-02|694.75|609.43|85.32|0.14|12109
WRLD|2017-05-02|5.99|5.7|0.29|0.05|2037
SPQR|2017-05-02|190.08|200.08|-10.0|-0.05|62540
RNDM|2017-05-02|50.72|55.74|-5.02|-0.09|23328
THRC|2017-05-02|1306.14|1198.29|107.85|0.09|149232
FOOO|2017-05-03|12.12|12.37|-0.25|-0.02|738
PVTL|2017-05-03|83.2|71.72|11.48|0.16|72191
HELO|2017-05-03|666.96|694.75|-27.79|-0.04|10050
WRLD|2017-05-03|5.93|5.99|-0.06|-0.01|2505
SPQR|2017-05-03|210.99|190.08|20.91|0.11|47530
RNDM|2017-05-03|39.56|50.72|-11.16|-0.22|19595
THRC|2017-05-03|1345.32|1306.14|39.18|0.03|129831
FOOO|2017-05-04|13.57|12.12|1.45|0.12|752
PVTL|2017-05-04|91.52|83.2|8.32|0.1|69303
HELO|2017-05-04|767.0|666.96|100.04|0.15|8241
WRLD|2017-05-04|5.63|5.93|-0.3|-0.05|3056
SPQR|2017-05-04|202.55|210.99|-8.44|-0.04|56085
RNDM|2017-05-04|38.37|39.56|-1.19|-0.03|22534
THRC|2017-05-04|1116.62|1345.32|-228.7|-0.17|135024
FOOO|2017-05-05|13.57|13.57|0.0|0E+1|797
PVTL|2017-05-05|82.37|91.52|-9.15|-0.1|59600
HELO|2017-05-05|813.02|767.0|46.02|0.06|7416
WRLD|2017-05-05|6.08|5.63|0.45|0.08|3300
SPQR|2017-05-05|176.22|202.55|-26.33|-0.13|64497
RNDM|2017-05-05|38.37|38.37|0.0|0E+1|16900
THRC|2017-05-05|1071.96|1116.62|-44.66|-0.04|167429
FOOO|2017-05-06|12.89|13.57|-0.68|-0.05|797
PVTL|2017-05-06|107.08|82.37|24.71|0.3|66156
HELO|2017-05-06|853.67|813.02|40.65|0.05|8750
WRLD|2017-05-06|6.63|6.08|0.55|0.09|3399
SPQR|2017-05-06|186.79|176.22|10.57|0.06|55467
RNDM|2017-05-06|36.84|38.37|-1.53|-0.04|18421
THRC|2017-05-06|1179.16|1071.96|107.2|0.1|160731
FOOO|2017-05-07|13.02|12.89|0.13|0.01|892
PVTL|2017-05-07|110.29|107.08|3.21|0.03|63509
HELO|2017-05-07|921.96|853.67|68.29|0.08|9450
WRLD|2017-05-07|6.63|6.63|0.0|0E+1|4044
SPQR|2017-05-07|190.53|186.79|3.74|0.02|57685
RNDM|2017-05-07|35.0|36.84|-1.84|-0.05|15289
THRC|2017-05-07|1379.62|1179.16|200.46|0.17|168767
FOOO|2017-05-08|15.23|13.02|2.21|0.17|793
PVTL|2017-05-08|116.91|110.29|6.62|0.06|66684
HELO|2017-05-08|903.52|921.96|-18.44|-0.02|11529
WRLD|2017-05-08|6.1|6.63|-0.53|-0.08|3599
SPQR|2017-05-08|171.48|190.53|-19.05|-0.1|68645
RNDM|2017-05-08|22.05|35.0|-12.95|-0.37|14371
THRC|2017-05-08|1407.21|1379.62|27.59|0.02|160328
FOOO|2017-05-09|14.62|15.23|-0.61|-0.04|650
PVTL|2017-05-09|175.37|116.91|58.46|0.5|75352
HELO|2017-05-09|686.68|903.52|-216.84|-0.24|14180
WRLD|2017-05-09|5.25|6.1|-0.85|-0.14|3491
SPQR|2017-05-09|169.77|171.48|-1.71|-0.01|62466
RNDM|2017-05-09|22.49|22.05|0.44|0.02|13508
THRC|2017-05-09|1449.43|1407.21|42.22|0.03|139485
FOOO|2017-05-10|15.35|14.62|0.73|0.05|500
PVTL|2017-05-10|177.12|175.37|1.75|0.01|83640
HELO|2017-05-10|769.08|686.68|82.4|0.12|13187
WRLD|2017-05-10|5.3|5.25|0.05|0.01|4154
SPQR|2017-05-10|219.0|169.77|49.23|0.29|72460
RNDM|2017-05-10|21.59|22.49|-0.9|-0.04|14453
THRC|2017-05-10|1376.96|1449.43|-72.47|-0.05|161802
FOOO|2017-05-11|12.74|15.35|-2.61|-0.17|530
PVTL|2017-05-11|187.75|177.12|10.63|0.06|94513
HELO|2017-05-11|753.7|769.08|-15.38|-0.02|14637
WRLD|2017-05-11|5.3|5.3|0.0|0E+1|3157
SPQR|2017-05-11|210.24|219.0|-8.76|-0.04|67387
RNDM|2017-05-11|26.34|21.59|4.75|0.22|17199
THRC|2017-05-11|1308.11|1376.96|-68.85|-0.05|156947
FOOO|2017-05-12|12.36|12.74|-0.38|-0.03|598
PVTL|2017-05-12|159.59|187.75|-28.16|-0.15|87897
HELO|2017-05-12|746.16|753.7|-7.54|-0.01|11270
WRLD|2017-05-12|6.2|5.3|0.9|0.17|2557
SPQR|2017-05-12|212.34|210.24|2.1|0.01|70082
RNDM|2017-05-12|25.81|26.34|-0.53|-0.02|18574
THRC|2017-05-12|1138.06|1308.11|-170.05|-0.13|145960
FOOO|2017-05-13|11.12|12.36|-1.24|-0.1|699
PVTL|2017-05-13|169.17|159.59|9.58|0.06|81744
HELO|2017-05-13|843.16|746.16|97.0|0.13|13974
WRLD|2017-05-13|6.14|6.2|-0.06|-0.01|2173
SPQR|2017-05-13|186.86|212.34|-25.48|-0.12|72885
RNDM|2017-05-13|24.26|25.81|-1.55|-0.06|22846
THRC|2017-05-13|1240.49|1138.06|102.43|0.09|131364
FOOO|2017-05-14|11.23|11.12|0.11|0.01|712
PVTL|2017-05-14|172.55|169.17|3.38|0.02|74387
HELO|2017-05-14|758.84|843.16|-84.32|-0.1|16209
WRLD|2017-05-14|6.02|6.14|-0.12|-0.02|2129
SPQR|2017-05-14|184.99|186.86|-1.87|-0.01|66325
RNDM|2017-05-14|24.75|24.26|0.49|0.02|22617
THRC|2017-05-14|1265.3|1240.49|24.81|0.02|130050
FOOO|2017-05-15|11.79|11.23|0.56|0.05|619
PVTL|2017-05-15|139.77|172.55|-32.78|-0.19|72155
HELO|2017-05-15|758.84|758.84|0.0|0E+1|18478
WRLD|2017-05-15|6.26|6.02|0.24|0.04|1979
SPQR|2017-05-15|190.54|184.99|5.55|0.03|66325
RNDM|2017-05-15|24.26|24.75|-0.49|-0.02|21033
THRC|2017-05-15|1214.69|1265.3|-50.61|-0.04|126148
FOOO|2017-05-16|11.44|11.79|-0.35|-0.03|464
PVTL|2017-05-16|142.57|139.77|2.8|0.02|85142
HELO|2017-05-16|774.02|758.84|15.18|0.02|18293
WRLD|2017-05-16|7.14|6.26|0.88|0.14|2434
SPQR|2017-05-16|165.77|190.54|-24.77|-0.13|81579
RNDM|2017-05-16|28.38|24.26|4.12|0.17|18298
THRC|2017-05-16|1263.28|1214.69|48.59|0.04|152639
FOOO|2017-05-17|8.47|11.44|-2.97|-0.26|561
PVTL|2017-05-17|145.42|142.57|2.85|0.02|103021
HELO|2017-05-17|704.36|774.02|-69.66|-0.09|21036
WRLD|2017-05-17|8.35|7.14|1.21|0.17|2872
SPQR|2017-05-17|222.13|165.77|56.36|0.34|77500
RNDM|2017-05-17|26.96|28.38|-1.42|-0.05|21591
THRC|2017-05-17|1326.44|1263.28|63.16|0.05|158744
FOOO|2017-05-18|8.81|8.47|0.34|0.04|617
PVTL|2017-05-18|133.79|145.42|-11.63|-0.08|82416
HELO|2017-05-18|704.36|704.36|0.0|0E+1|17249
WRLD|2017-05-18|8.77|8.35|0.42|0.05|2412
SPQR|2017-05-18|224.35|222.13|2.22|0.01|75950
RNDM|2017-05-18|21.57|26.96|-5.39|-0.2|17704
THRC|2017-05-18|1273.38|1326.44|-53.06|-0.04|174618
